{"genes": ["ACTB", "GAPDH", "B2M", "RPL13A", "RPLP0", "PPIA"], "uncorrected": [0.37510672211647034, 0.24475206434726715], "combat": [0.40353479981422424, 0.19695036113262177], "harmony": [0.5746898055076599, 0.20547306537628174]}